{"cameraMode":{"drawMode":0,"name":"Shaded","section":"Shading Mode"},"sceneLighting":false,"audioPlay":false,"sceneViewState":{"showFog":true,"showMaterialUpdate":false,"showSkybox":false,"showFlares":true,"showImageEffects":true,"showParticleSystems":true},"in2DMode":false,"pivot":{"x":0.13239288330078126,"y":13.4235258102417,"z":-0.01035308837890625},"rotation":{"x":-0.18932880461215974,"y":0.6829798221588135,"z":-0.19035163521766663,"w":-0.6793056130409241},"size":81.21239471435547,"orthographic":false}