{"cameraMode":{"drawMode":0,"name":"Shaded","section":"Shading Mode"},"sceneLighting":true,"audioPlay":false,"sceneViewState":{"showFog":true,"showMaterialUpdate":false,"showSkybox":true,"showFlares":true,"showImageEffects":true,"showParticleSystems":true},"in2DMode":false,"pivot":{"x":3.2158737182617189,"y":0.5808577537536621,"z":-69.24053955078125},"rotation":{"x":-0.1461867243051529,"y":0.7110700011253357,"z":-0.15513718128204347,"w":-0.6700393557548523},"size":7.794228553771973,"orthographic":false}