{"cameraMode":{"drawMode":0,"name":"Shaded","section":"Shading Mode"},"sceneLighting":false,"audioPlay":false,"sceneViewState":{"showFog":true,"showMaterialUpdate":false,"showSkybox":false,"showFlares":true,"showImageEffects":true,"showParticleSystems":true},"in2DMode":false,"pivot":{"x":0.03411531448364258,"y":-0.01377260684967041,"z":-0.11796069145202637},"rotation":{"x":-0.14747625589370728,"y":0.7011645436286926,"z":-0.151876300573349,"w":-0.6808498501777649},"size":2.1948702335357668,"orthographic":false}